P_max,Omega_1,Omega_2,Mu_plus,Gamma_e,number_of_fails,ComputTime
0,0.3699395404030019,1.03100182052091,7368.858477082578,-2.006288845903322,10000.0,3.0,1287.9597103595734
